ID,Eyebrow,Prompt,Option 1,Opt1_Gym,Opt1_Home,Opt1_Boutique,Opt1_Couch,Option 2,Opt2_Gym,Opt2_Home,Opt2_Boutique,Opt2_Couch,Option 3,Opt3_Gym,Opt3_Home,Opt3_Boutique,Opt3_Couch,Option 4,Opt4_Gym,Opt4_Home,Opt4_Boutique,Opt4_Couch
q-track-record,The Track Record,"Be honest with your maker. The last time you had a fitness-adjacent goal, what happened?","I went 4 times a week, tracking every macro like a scientist.",2,1,1,0,"I bought a yoga mat, used it once as a stretching pad, and it is now gathering dust under my bed.",0,0,0,3,I paid for a membership for 8 months without going because I was too polite to cancel.,0,0,0,3,"I run outside until my knees click, then stop for three months.",0,2,0,1
q-commute,The Commute Reality Check,"It is Tuesday at 6:45 PM. It is dark, slightly drizzling, and you just finished a brutal work meeting. The gym is a 12-minute drive away. What are you doing?",Driving there. The iron calls to me.,3,0,0,0,"Sitting in my car in the driveway for 25 minutes scrolling TikTok, eventually eating cereal.",0,0,0,3,"I would go, but only if I have a pre-workout drink that makes my face itch so badly I have to lift things.",2,1,0,0,Opening a bottle of wine and doing three aggressive air squats to alleviate the guilt.,0,0,0,3
q-social-comfort,The Social Comfort Level,How do you feel about making accidental eye contact with a stranger who is grunting loudly while doing biceps curls directly in front of the mirror?,Standard Tuesday behavior. I will nod respectfully.,3,0,0,0,I would rather swallow a live wasp than navigate the social anxiety of a crowded free-weight section.,0,3,0,0,I only care if the lighting is optimal for my post-workout pump selfie.,1,0,3,0,"I prefer to sweat in the dark, isolated privacy of my own existential dread.",0,3,0,1
q-atmosphere,The Atmosphere Preference,What does your ideal workout environment smell like?,"Chalk, stale sweat, and iron.",3,0,0,0,"Eucalyptus, expensive candles, and a $16 cold-pressed juice.",0,0,3,0,"My own living room, specifically because nobody else is there.",0,3,0,0,"I don't know, what does a Netflix binge smell like?",0,0,0,3
q-penalty,The Financial Penalty,"If you don't show up for a workout, what happens?","I feel a deep, internal shame that ruins my day.",2,2,0,0,I am financially penalized $35 by my boutique studio app.,0,0,3,0,Absolutely nothing. The corporate gym chain quietly thanks me for my donation.,0,0,0,3,I just re-schedule it to 'tomorrow' for the fourth time this week.,0,0,0,3
q-equipment,The Equipment Choice,"If you were forced to buy one piece of fitness equipment today, what are you getting?","A sleek, pastel-colored kettlebell that matches my aesthetic.",0,1,3,0,A power rack. I'm building a sanctuary in my garage.,0,3,0,0,Liquid chalk and some lifting straps.,3,0,0,0,Does a massage gun count?,0,0,0,3
q-dress-code,The Dress Code,What is your typical workout attire?,Whatever is clean. Usually an old t-shirt from a 2014 fun run.,2,3,0,0,A matching $120 set that looks great under neon studio lighting.,0,0,3,0,Stringer tank top or oversized pump cover.,3,0,0,0,The same sweatpants I've been wearing since yesterday morning.,0,0,0,3
q-music,The Music,What are you listening to while 'working out'?,"Hardstyle, metal, or a podcast about optimizing my sleep protocol.",3,1,0,0,A perfectly curated deep-house playlist provided by the instructor.,0,0,3,0,"True crime podcasts, but I'm actually just doing chores around the house.",0,1,0,3,Whatever top 40 pop is blasting from the gym's overhead speakers.,1,0,0,0
q-post-workout,The Post-Workout Routine,You just finished a session. What's next?,Chugging a chalky protein shake in my car.,3,0,0,0,Paying $16 for a smoothie containing ingredients I can't pronounce.,0,0,3,0,Lying on my living room floor contemplating my life choices.,0,3,0,0,Taking a long shower and convincing myself I deserve pizza.,0,1,1,3
q-excuse,The Excuse,It's raining. Your planned workout is ruined. Why?,It's not. I'm already at the gym.,3,0,0,0,I can't be bothered to drive. I'll just do pushups in my bedroom.,0,3,0,0,My spin class got cancelled. Guess I'll get brunch instead.,0,0,3,2,Raining? That's prime blanket weather. Try again in spring.,0,0,0,3
q-locker-room-horror,Locker Room Dynamics,"An elderly stranger is completely naked, drying their toes with a hair dryer directly in your line of sight. Your immediate reaction is to:","Ignore it. I came here to bleed under a barbell, not judge a senior citizen's post-shower routine.",3,0,0,0,Feel completely vindicated in my decision to exercise 4 feet from my own bed.,0,3,0,0,Silently vow to report this to management while adjusting my silk head wrap.,0,0,2,1,Use this mental trauma as a valid excuse to skip working out for the next three business weeks.,0,0,0,3
q-subscription-guilt,Financial Bleeding,You notice a $45 monthly charge for a fitness app you haven't opened since the Obama administration. What is your next move?,Keep paying it because 'next month is when I turn my life around' (spoiler: you won't).,0,0,0,3,Cancel it instantly and buy a second-hand kettlebell off Facebook Marketplace.,0,3,0,0,Upgrade to the premium tier because it comes with an aesthetic meal plan PDF you'll never look at.,0,0,2,1,Transfer that capital directly into your commercial gym membership where you actually lift heavy things.,3,0,0,0
q-sweat-tolerance,Bodily Secretions,How do you feel about being completely drenched in sweat to the point where your clothes stick to your body?,It's the ultimate proof of dominance over my physical limitations. Wipe it on the shirt and keep going.,2,1,0,0,"It is an unholy biohazard. If I cannot immediately step into a tiled shower with luxury botanical soaps, I will perish.",0,0,3,0,"Completely fine, as long as no other human being is within a 5-mile radius to witness my damp misery.",0,3,0,0,Absolutely disgusting. Sweat is a design flaw. I actively avoid any movement that raises my core temperature.,0,0,0,3
q-influencer-encounter,The Content Industrial Complex,An influencer is filming a TikTok dance right in front of the weight rack you need. What do you do?,Walk directly through their frame to grab the 45-pound plates. My gains do not yield to social media algorithms.,3,0,0,0,Leave the room entirely and retreat to my basement bunker where the internet cannot hurt me.,0,3,0,0,Slightly adjust my high-waisted leggings and try to naturally blend into the background of their video.,0,0,2,1,"Watch them from the comfort of a machine I’m sitting on without actually exercising, using it as a distraction.",0,0,0,3
q-weather-excuse,Meteorological Motivation,"It's drizzling outside. Not a monsoon, just a light, depressing gray mist. How does this affect your workout plan?","The perfect atmospheric setting to put on a dark hoodie, blast heavy metal, and lift heavy metal.",2,1,0,0,"I'm already in my living room, so the sky's emotional problems are completely irrelevant to me.",0,3,0,0,Cancel my $35 spin class because my hair will frizz on the walk from the valet to the front door.,0,0,2,1,A clear sign from the universe that I should order Thai food and remain under a weighted blanket until spring.,0,0,0,3
q-mirror-mentality,Narcissism Check,What is the primary function of a mirror during a workout?,To critically evaluate my form while subtly checking if my pump makes me look intimidating.,2,0,1,0,To take a post-class selfie with a subtle filter that highlights my clavicle and my expensive water bottle.,0,0,3,0,"Mirrors are an abomination. I don't want to look at myself, and I certainly don't want anyone else looking at me.",0,3,0,0,To practice my 'I'm thinking deeply about my life choices' face while trying to catch my breath after climbing one flight of stairs.,0,0,0,3
q-instructor-interaction,Authority Figures,"An enthusiastic instructor yells, 'Come on, push through the pain, you're doing this for YOU!' directly into a headset microphone. How do you respond?",I find their forced optimism deeply patronizing and would pay good money to never hear their voice again.,0,2,0,1,"I am fueled entirely by their validation. If they don't look at me and say 'Good job, Sarah!' my workout is a failure.",0,0,3,0,I can't hear them over the sound of my own internal grunting and the noise-canceling headphones blaring deathcore.,2,1,0,0,"I close the laptop screen or lie down on the floor, pretending I have suddenly developed a medical emergency.",0,0,0,3
q-equipment-hogging,Territorial Disputes,"Someone has been sitting on the only bench press rack for 15 minutes, doing exactly one set and scrolling through Instagram for the remaining 14. Your strategy:","Stand exactly three feet away from them, glaring with arms crossed, establishing raw territorial dominance.",3,0,0,0,This is why I bought my own equipment. Society is fundamentally broken.,0,3,0,0,Kindly ask the front desk coordinator to intervene because confronting strangers ruins the studio's collective aura.,0,0,2,1,Use their bad etiquette as a valid excuse to abandon my workout entirely and head straight to the snack bar.,0,0,0,3
q-apparel-choices,The Fitness Uniform,"When choosing what to wear for physical exertion, your primary criteria is:","Does it match the current color palette of my Instagram feed, and did it cost more than a week of groceries?",0,0,3,0,"An oversized, frayed t-shirt from a 2012 high school charity drive and whatever sweatpants don't have structural holes.",1,2,0,0,"Brand new, high-end athletic wear that still has the tags on it because I'm manifesting a lifestyle I haven't started yet.",0,0,1,2,Whatever is cleanest on top of the laundry basket. Nobody is seeing me anyway except my cat.,0,3,0,0
q-post-workout-fuel,Nutritional Rewards,The workout is over. What are you putting into your body to recover?,A lukewarm shaker bottle containing chalky whey protein powder mixed with tap water. Performance over pleasure.,3,0,0,0,"A $16 artisanal cold-pressed beverage featuring adaptogenic mushrooms, blue spirulina, and oat milk.",0,0,3,0,"Whatever leftovers are closest to expiration in my fridge, consumed standing up over the sink.",0,3,0,0,A massive serving of complex carbohydrates and refined sugars because 'I earned it' by thinking about walking on a treadmill.,0,0,0,3
q-the-commute-friction,Logistical Despair,The workout facility requires finding parking in a crowded downtown area during rush hour. Your psychological state is:,Unbothered. The road rage simply adds to my pre-workout adrenaline rush.,3,0,0,0,This is a structural failure of modern urban planning. I will remain in my home where parking is guaranteed.,0,3,0,0,"I pay for the premium tier membership that includes complimentary valet parking, so it's a non-issue.",0,0,3,0,"I'm turning the car around immediately. Finding a spot is too stressful, and stress kills more people than lack of cardio.",0,0,0,3
q-social-anxiety,Human Proximity,How do you feel about making eye contact with another human being while making an unattractive face during physical exertion?,"Let them look. If they can't handle me at my absolute ugliest lifting heavy weights, they don't deserve me at my baseline.",3,0,0,0,I would rather swallow a live wasp than have another person see my face while I struggle.,0,3,0,0,The lighting is dimmed to a subtle neon glow precisely so no one can see individual suffering. It's a shared aesthetic vibe.,0,0,3,0,I don't make unattractive faces because I never exert myself to the point of discomfort.,0,0,0,3
q-the-motivation-myth,Internal Drive,Where does your motivation to exercise primarily originate?,"A deep, dark, unresolved psychological need to prove my high school gym teacher wrong.",2,1,0,0,The fear of wasting the ridiculous amount of money I spent on a boutique subscription package this month.,0,0,3,0,"A structured, unemotional habit built into my daily routine like brushing my teeth. Motivation is for amateurs.",1,2,0,0,"It doesn't. It exists briefly for about 10 minutes after watching an inspiring documentary, then completely vanishes.",0,0,0,3
q-music-selection,Auditory Stimulation,What is the soundtrack to your physical suffering?,"Curated, high-tempo electronic dance music blasted through a million-dollar club-grade sound system.",0,0,3,0,"Aggressive, unhinged heavy metal or gangster rap that makes me want to fight a wall.",3,0,0,0,True crime podcasts where people get brutally murdered in the woods. It keeps me focused.,0,3,0,0,The sweet sound of a television comedy playing in the background while I check my phone every 45 seconds.,0,0,0,3
q-the-cleaning-ritual,Hygiene Expectations,You finish using a piece of equipment and notice a slight sheen of your own sweat on it. What is your process?,"Thoroughly sanitize it with the provided disinfectant spray, ensuring the next person doesn't contract my DNA.",2,0,1,0,"I don't wipe down anything because it's my house, my sweat, and my kingdom of dirt.",0,3,0,0,The dedicated studio staff or the next person will handle it; my premium fee includes maintenance.,0,0,2,1,"I walk away slowly, hoping no one saw me, and never return to that specific side of the room.",0,0,0,3
q-the-resolution-trap,Temporal Delusions,It is January 2nd. The fitness space is absolutely packed with eager new faces. Your internal monologue says:,Look at these fragile tourists. They’ll all quit by February 15th anyway. Stay out of my squat rack.,3,0,0,0,Thank God I don't have to deal with this seasonal migration pattern in my spare bedroom.,0,3,0,0,"Oh wow, everyone looks so cute in their new matching sets! The energy in this community is so vibrant right now!",0,0,3,0,"I am one of these eager new faces, and I am already deeply regretting every financial and physical choice that led me here.",0,0,0,3
q-equipment-complexity,Mechanical Sophistication,"You encounter a complex fitness machine with multiple pulleys, levers, and an instruction diagram that looks like a NASA blueprint. You:","Figure it out by trial and error, loading up the weight stack until it makes a satisfying clanking noise.",3,0,0,0,"Avoid it completely. If it can't be done with a heavy iron ball attached to a handle, it's unnecessary commercial fluff.",0,3,0,0,Wait for an instructor to precisely calibrate the settings for me so I don't compromise my alignment or break a nail.,0,0,3,0,"Stare at it blankly for 30 seconds, sit on it backwards by accident, get embarrassed, and go look at the water fountain.",0,0,0,3
q-the-cancellation-test,Contractual Commitment,"To cancel your membership, you must send a notarized letter via carrier pigeon to an office in North Dakota. Your response:","I will never cancel. This place is my temple, and my membership card will be buried with me.",3,0,0,0,I don't sign contracts with corporate overlords. I pay cash for my iron or use gravity for free.,0,3,0,0,I just use a boutique class pack that handles everything seamlessly through an app with zero friction.,0,0,3,0,I will simply accept the recurring charge for the next five years because confronting administrative friction is terrifying.,0,0,0,3
q-fitness-tracking,Data Obsession,Your smartwatch dies 2 minutes into your workout. What happens next?,"The workout is officially void. The calories didn't count, the heart rate wasn't logged, and my day is ruined.",0,0,2,1,Who cares? The heavy things are still heavy regardless of what a piece of wrist plastic thinks.,2,1,0,0,Perfect. Now I can sit down and stop moving entirely since there's no digital record to hold me accountable.,0,0,0,3,I keep moving according to my internal training log. I don't need a cloud server to validate my suffering.,0,3,0,0
q-the-scent-profile,Olfactory Environment,What does your ideal exercise environment smell like?,"A delicate blend of premium lavender essential oils, expensive cleaning chemicals, and high-end air purifiers.",0,0,3,0,"Industrial rubber flooring, stale chalk, dried sweat, and a subtle undertone of raw, unadulterated effort.",3,0,0,0,"Dust motes, laundry detergent from the adjacent washing machine, and complete social isolation.",0,3,0,0,"Scented candles, freshly baked goods from the kitchen, and absolutely zero physical exertion.",0,0,0,3
q-group-pressure,Peer Mimicry,Everyone in the room is performing a complex explosive movement that looks highly dangerous for your lower back. You:,Do it anyway because the peer pressure in this room is intoxicating and I want the instructor to like me.,0,0,3,0,Modify it immediately to a basic heavy compound lift. I don't do circus tricks for clout.,3,0,0,0,I am not in the room. I am alone in my house doing basic movements where no one can judge my safety metrics.,0,3,0,0,"Slowly lay down on a mat, hold my hamstring, and make a pained face so people think I’m an injured athlete instead of lazy.",0,0,0,3
q-the-weekend-ritual,Saturday Morning Choices,It's Saturday at 8:00 AM. Your alarm goes off. What is your reality?,"I'm already at the studio door, waiting for the doors to open so I can secure my favorite Reformer machine.",0,0,3,0,Crawling out of bed to lift heavy iron before the commercial gym gets overrun by teenagers filming their biceps.,3,0,0,0,"Drinking coffee in my underwear while staring at the pull-up bar I installed in the doorway, mentally preparing to use it.",0,2,0,1,Smashing the snooze button with the force of a thousand suns and waking up at noon with a headache.,0,0,0,3
q-lighting-vibe,Visual Ambience,The lighting in your ideal workout facility should be described as:,"Harsh, unyielding fluorescent bulbs that show every single flaw, vein, and drop of sweat with clinical accuracy.",3,0,0,0,"A dark, nightclub-adjacent aesthetic with neon accents that make everyone look 40% more attractive than they actually are.",0,0,3,0,"The natural, low-wattage lighting of my own home where I can control the blinds and hide from the public.",0,3,0,0,Completely off. The only light should be coming from a television screen while I lie horizontal.,0,0,0,3
q-the-price-of-admission,Financial Motivation,How much financial skin do you need in the game to actually take your health seriously?,"$10 a month. If it costs any more, it's a scam. The iron doesn't care about luxury branding.",2,1,0,0,"At least $300 a month. If the price tag doesn't cause me slight financial panic, I simply will not show up.",0,0,3,0,"Zero. I bought my weights once, and I will use them until the day I die without paying rent to a facility.",0,3,0,0,It doesn't matter how much I spend; I will consistently pay the premium and still find a reason to stay home.,0,0,1,2
q-socializing-intent,Companionship Needs,"When you see an acquaintance at the fitness venue, your immediate internal reaction is:","Put on my oversized headphones, pull down my hat, and pretend to be illiterate and blind.",1,2,0,0,"Wave enthusiastically, plan to get a post-workout brunch together, and spend 10 minutes discussing our weekend plans.",0,0,3,0,"Give a brief, silent head nod of mutual athletic respect, then immediately return to my training set.",3,0,0,0,"Hide behind a pillar, wait for them to leave, and text them later saying 'So bummed I missed you, I worked out so hard!'",0,0,0,3
q-soreness-reaction,Delayed Onset Muscle Soreness,You wake up the morning after a workout and your thighs feel like they are made of shattered glass. You think:,This is a magnificent sensation. The biological machinery is rebuilding. Time to train upper body.,3,0,0,0,I need to book a professional sports massage and buy an expensive topical recovery cream immediately.,0,0,3,0,"Hobble over to my foam roller in the living room, curse quietly to myself, and stick to the routine.",0,3,0,0,I have clearly done permanent structural damage to my anatomy. I am retired from physical activity indefinitely.,0,0,0,3
q-cardio-philosophy,Endurance Suffering,What is your preferred method of elevated cardiovascular activity?,Staring at a blank wall on a commercial treadmill for 45 minutes while pondering the futility of human existence.,3,0,0,0,Sprint intervals down my own street or high-intensity jumping jacks in my kitchen where nobody can watch me bounce.,0,3,0,0,"An immersive, rhythm-based choreography experience where the lights flash and I forget I'm actually doing cardio.",0,0,3,0,Walking slowly to the kitchen to see if the contents of the refrigerator have magically changed since I checked 10 minutes ago.,0,0,0,3
q-the-fitness-app-clutter,Digital Solutions,Your phone's home screen has a dedicated folder filled with 7 different fitness tracking apps. How often do you use them?,"Every single day to log my exact sets, reps, and micro-progression metrics.",1,2,0,0,Only when I need to book a highly competitive reservation slot for a premium studio class.,0,0,3,0,They exist purely as a digital monument to my good intentions. I open them once every quarter to feel guilty.,0,0,0,3,"I don't use apps. I write my numbers in a battered, sweat-stained paper notebook like a real lifter.",2,1,0,0
q-hydration-accessories,Vessel Aesthetics,Choose your primary weapon for maintaining optimal cellular hydration:,"A massive, unbranded 1-gallon plastic jug filled with tap water that looks like it belongs on a construction site.",3,0,0,0,"A highly trendy, insulated tumbler in a limited-edition pastel colorway that matches my outfit.",0,0,3,0,"A standard reusable bottle covered in stickers from independent outdoor brands, filled with filtered home water.",0,3,0,0,An open can of diet soda or a sugary iced coffee that defeats the entire biological purpose of hydration.,0,0,0,3
q-the-ideal-duration,Temporal Investment,What is the perfect amount of time to allocate to a single exercise session?,"Exactly 45 minutes of hyper-efficient, high-octane group movement followed by a quick exit.",0,0,3,0,"A brutal 90-minute marathon of lifting, resting, staring blankly, and lifting again.",3,0,0,0,"A swift, convenient 25-minute circuit done during a lunch break before my coworkers realize I'm gone.",0,3,0,0,About 12 minutes of light stretching followed by 50 minutes of lying on the mat scrolling through real estate apps.,0,0,0,3
q-the-pre-workout-ritual,Chemical Preparation,Your psychological preparation routine before physical exertion consists of:,Consuming enough highly caffeinated pre-workout powder to make my skin itch and my heart beat like a techno song.,3,0,0,0,Drinking a double espresso in my own kitchen while quietly staring at the wall in absolute silence.,0,3,0,0,Applying a spritz of expensive body mist and selecting a premium hair tie to ensure complete aesthetic synergy.,0,0,3,0,"Spending 45 minutes looking for my running shoes, giving up, and deciding that today is a rest day.",0,0,0,3
q-the-guest-experience,Spatial Navigation,You walk into a new fitness facility for the first time. Your dominant emotion is:,Excitement to survey the equipment landscape and evaluate the heavy-duty rack options.,3,0,0,0,"Deep admiration for the interior design, the complimentary beauty products, and the retail selection in the lobby.",0,0,3,0,"Intense social dread. I don't belong here, everyone is watching me, and I want to escape back to my cave.",0,2,0,1,Pure resentment that I was dragged here by a friend when I could be at home consuming media.,0,0,0,3
q-the-injury-excuse,Anatomical Fragility,You experience a minor tweak in your left wrist. How does this impact your long-term fitness strategy?,Modify my programming to focus entirely on lower body exercises. The grind doesn't stop for a weak joint.,2,1,0,0,Freeze my boutique membership immediately and notify my instructor that I will be absent for rehabilitation.,0,0,3,0,"Accept my fate as a housebound creature, focusing on core exercises that require zero upper body engagement.",0,3,0,0,This is a medical catastrophe. I must remain completely immobile on the sofa for the next six months to ensure full recovery.,0,0,0,3
q-accountability-dynamics,Social Contracts,"Your workout partner texts you at 5:30 AM saying, 'Hey, sorry, can't make it today.' Your immediate action is to:",Go anyway. My dedication was never contingent on their fragile work ethic.,2,1,0,0,"Thank the fitness deities for this absolute gift, roll back over, and sleep for another two hours.",0,0,0,3,Pivot to a solitary home session where I don't need human validation to execute my programming.,0,3,0,0,Feel intense panic because I don't know what to do without a group environment guiding my every move.,0,0,3,0
q-the-ideal-instructor,Pedagogical Styles,"If you had to choose a professional to direct your physical movement, you would choose:",A former drill sergeant who communicates entirely in guttural shouts and demands absolute physical submission.,2,0,1,0,A charismatic fitness influencer who tells me I'm a radiant warrior while adjusting my pelvis posture.,0,0,3,0,"No one. I am my own master, guided entirely by YouTube instructional videos played at 1.5x speed.",0,3,0,0,A passive-aggressive therapist who tells me it's okay to give up and accept my physical mediocrity.,0,0,0,3
q-the-locker-room-amenities,Material Comforts,"Your opinion on the presence of complimentary dry shampoo, luxury body lotion, and premium hair straighteners is:","An absolute operational requirement. Without them, the facility is essentially a medieval dungeon.",0,0,3,0,A complete waste of capital. Spend that money on better barbells and thicker rubber matting.,3,0,0,0,Irrelevant because I use my own bathroom facilities immediately after completing my session.,0,3,0,0,I enjoy looking at them while avoiding the actual exercise portion of the facility visit.,0,0,1,2
q-the-gym-bro-culture,Subcultural Tribalisim,Two individuals are aggressively high-fiving and grunting after a heavy lift. Your psychological assessment is:,Beautiful. Pure communal camaraderie. I want to join their pack and share their chalk.,3,0,0,0,An exhausting display of toxic performance. This is why I refuse to leave my house.,0,3,0,0,"Deeply uncivilized. They would never survive the polite, synchronized etiquette of a premium Pilates studio.",0,0,3,0,A fascinating anthropological display that I will judge harshly while eating a pastry in my car.,0,0,0,3
q-the-travel-dilemma,Geographic Disruption,You are staying at a hotel for a three-day vacation. The hotel fitness center consists of two rusty dumbbells and a broken bicycle. You:,Find a local hardcore powerlifting gym within a 20-mile radius and pay the exorbitant day-rate fee.,3,0,0,0,"Perform a high-intensity bodyweight routine on the hotel carpet, ignoring the questionable stains beneath my face.",0,3,0,0,Locate the nearest luxury studio branch to maintain my class streak and secure an aesthetic vacation selfie.,0,0,3,0,Celebrate this structural limitation as a legitimate excuse to consume alcohol at the hotel bar starting at 11:00 AM.,0,0,0,3
q-the-mirror-selfie-protocol,Digital Validation,When is it appropriate to document your physical state via a photographic digital asset?,"Only when the lighting hits my musculature at a precise 45-degree angle, demonstrating functional hypertrophy.",2,0,1,0,"Before, during, and after every single class, complete with geo-tags and a mention of the premium studio brand.",0,0,3,0,Never. The camera is an instrument of vanity and I am a ghost operating in silence.,0,3,0,0,Only when I want to post a throw-back picture from three years ago to pretend I still possess physical vitality.,0,0,0,3
q-the-stretching-fallacy,Flexibility Maintenance,The workout is complete. It is time for the cool-down and stretching protocol. Your implementation looks like:,Walking directly to the exit. I don't have time to touch my toes; I have macro-nutrients to consume.,3,0,0,0,"An intensive, 15-minute meditative yoga flow in my living room with the lights dimmed and incense burning.",0,3,0,0,Enjoying a complimentary chilled eucalyptus towel placed over my face while lying in a state of luxury bliss.,0,0,3,0,"Sitting on the floor, stretching my lower back for 20 seconds, and immediately scrolling TikTok for the next half hour.",0,0,0,3
q-the-equipment-investment,Capital Allocation,"You inherit $2,000 that must be spent exclusively on your physical well-being. You allocate it to:",A commercial-grade squat rack and a premium barbell that will outlive my grandchildren.,0,3,0,0,A multi-year membership at a hardcore warehouse gym that smells like iron and competitive drive.,3,0,0,0,A premium package of 50 VIP passes to an exclusive boutique studio with private locker privileges.,0,0,3,0,An incredibly comfortable ergonomic lounge chair designed to optimize my passive relaxation intervals.,0,0,0,3
q-the-workout-playlist-crisis,Audio Management,You arrive at your exercise destination and realize you forgot your headphones. Your psychological resolution is:,Suffer through the awful corporate pop music playing over the facility speakers; the weights are still heavy.,3,0,0,0,Turn around and go home. Exercising without my precise internal audio narrative is a structural impossibility.,0,2,0,1,"Irrelevant. The studio instructor curates a custom live DJ set for every session, so I don't bring headphones anyway.",0,0,3,0,Go home and spend the rest of the day carefully curating a new playlist that I will never actually exercise to.,0,0,0,3
q-the-body-composition-goal,Somatic Objectives,What is the primary aesthetic or physical goal you are trying to achieve through this suffering?,To look like an intimidating brick house capable of moving a broken vehicle out of an intersection.,3,0,0,0,"To possess a lean, functional body that can survive a sudden zombie apocalypse without leaving my property.",0,3,0,0,To look exceptionally sleek in high-end leisure apparel while walking through a premium grocery store.,0,0,3,0,"To accept my soft, pillowy form as a silent protest against the aggressive demands of the fitness industry.",0,0,0,3
q-the-social-media-unfollow,Digital Envy,An acquaintance posts a photo of their shredded abdominal muscles on vacation. Your immediate internal reaction is to:,Mute their account immediately because their aggressive success highlights my complete lack of discipline.,0,0,1,2,Analyze their vascularity to determine if their training protocol involves more compound lifting than mine.,3,0,0,0,Leave a supportive comment asking what premium studio method they're currently utilizing to achieve those results.,0,0,3,0,Ignore it entirely while closing the app to order another plate of fried carbohydrates.,0,3,0,0
q-the-laundry-backlog,Domestic Friction,You realize you haven't done laundry and your only available fitness clothes are slightly damp and smell faintly of yesterday's effort. You:,Put them on anyway. The bacteria builds character and the gym environment is already filthy.,3,0,0,0,Cancel my scheduled studio class because showing up smelling less than pristine is a social felony.,0,0,3,0,Work out naked or in my undergarments in the privacy of my own bedroom where laundry metrics don't apply.,0,3,0,0,Use this laundry crisis as an unassailable moral justification to abandon all physical movement for the week.,0,0,0,3
q-the-cardio-boredom,Monotony Tolerance,You are 4 minutes into a steady-state cardio session and you feel like your brain is slowly leaking out of your ears from boredom. You:,Embrace the void. Suffering is the point. Focus entirely on the rhythmic thumping of my feet.,3,0,0,0,"Step off the machine, log out of the interface, and accept that I am simply not a cardio person.",0,0,1,2,Switch to an interactive digital landscape app that pretends I'm running through the Swiss Alps away from a bear.,0,3,0,0,I don't experience this because the instructor keeps changing the intervals every 30 seconds while shouting inspirational quotes.,0,0,3,0
q-the-personal-trainer-pitch,Sales Tactics,A personal trainer with a clipboard and an aggressive smile approaches you to offer a 'complimentary metabolic assessment.' Your defensive mechanism is:,Look them dead in the eye and state my exact current deadlift metrics until they realize they have nothing to teach me.,3,0,0,0,Lie and tell them I am moving to another continent tomorrow to avoid any further sales conversations.,0,0,1,2,Politely inform them that I already have an elite private coach who manages my wellness matrix.,0,0,3,0,This encounter is exactly why I pay to stay behind a deadbolted door in my own residential property.,0,3,0,0
q-the-fitness-idealism,Delusional Goalposts,"When you buy new fitness equipment or memberships, what are you actually purchasing?",Access to heavy-duty machinery capable of facilitating maximal mechanical tension.,3,0,0,0,The privilege of being left completely alone to suffer in an environment designed for efficiency.,0,3,0,0,A temporary hit of dopamine that allows me to pretend I'm an active person without doing any actual work.,0,0,0,3,"An entry ticket into an exclusive social community of high-status, attractive individuals.",0,0,3,0
q-the-diet-overhaul,Nutritional Delusions,You decide to 'clean up your diet.' Your approach can be best described as:,Buying $200 worth of organic green juices and artisanal salads that will rot in the crisper drawer while I eat pizza.,0,0,1,2,Calculating my exact macronutrient targets down to the single gram and meal prepping unseasoned chicken breasts.,3,0,0,0,Subscribing to an expensive premium meal-delivery service that arrives in a insulated tote bag with ice packs.,0,0,3,0,Eliminating a single random food item (like seed oils) while completely ignoring my massive caloric surplus.,0,3,0,0
q-the-ultimate-truth,The Mirror of Truth,"Be brutally honest with yourself: If nobody knew you worked out, and it didn't change your physical appearance, would you still do it?",Yes. The physical challenge and the routine keep me sane. The iron is my meditation.,2,1,0,0,"Absolutely not. If I can't look good in clothing or post about it, I am staying on the couch forever.",0,0,2,1,"Yes, because I genuinely enjoy the process of optimizing my biological machinery in absolute privacy.",0,3,0,0,"I don't even do it now when people DO know and it DOES change appearances, so the question is entirely academic.",0,0,0,3
q-commute-excuse,The Commute Reality Check,"It is Tuesday at 6:45 PM. It is dark, slightly drizzling, and you just finished a brutal work meeting. The gym is a 12-minute drive away. What are you doing?",Driving there. The iron calls to me.,3,0,0,0,"Sitting in my car in the driveway for 25 minutes scrolling TikTok, eventually eating cereal.",0,0,0,3,I'd only go if it's a candlelit room where someone yells at me to cycle to a remix.,0,0,3,0,Going straight into the garage in my pajamas to swing a kettlebell so I don't have to perceive society.,0,3,0,0
q-new-years-membership,The January Confession,Be honest: what does your gym membership history actually look like?,I've been going consistently for years. It's basically my third home.,3,0,0,0,"I signed up in January, went twice, and I'm still paying for it in July.",0,0,0,3,I canceled my membership and bought dumbbells instead. Best decision of my life.,0,3,0,0,I only do class packs at the studio with the good playlist and the eucalyptus towels.,0,0,3,0
q-mirror-selfie,The Mirror Test,How do you feel about taking a gym selfie mid-workout?,"Sweaty, red-faced, mid-rep, no shame. That's the whole point.",3,0,0,0,"I only take one if the lighting, outfit, and smoothie are all coordinated.",0,0,3,0,Absolutely not. No one is allowed to witness me exist while exercising.,0,3,0,0,"I take the selfie before I even work out, then never actually work out.",0,0,0,3
q-injury-excuse,The Excuse Generator,You feel a tiny twinge in your knee. What happens next?,"I keep lifting. Pain is just weakness leaving the body, probably.",3,0,0,0,This is now my official reason for not exercising for the next 6 months.,0,0,0,3,I switch to a gentle at-home mobility routine and actually listen to my body.,0,3,0,0,I book a 'recovery' Pilates class because it sounds soft and expensive.,0,0,3,0
q-price-tag,The Money Talk,How much are you realistically willing to spend per month on 'getting fit'?,$25-40. Just give me a squat rack and leave me alone.,3,0,0,0,$0 after the initial equipment purchase. I refuse to pay monthly for anything.,0,3,0,0,"$150-300. I need the ambiance, the instructor, and the branded water bottle.",0,0,3,0,Whatever amount guarantees I feel guilty enough to maybe go once.,0,0,0,3
q-crowded-gym,The Crowd Tolerance Test,"It's 5:30 PM, peak hour, every squat rack is taken, and someone's doing curls in it. Your reaction?","I wait, I superset, I adapt. That's just gym life.",3,0,0,0,"This is exactly why I built a home gym. No waiting, no strangers, no curls in the rack.",0,3,0,0,I'd rather pay for a class with assigned spots so this never happens to me.,0,0,3,0,I take this as a sign from the universe to go home and skip it.,0,0,0,3
q-playlist-preference,The Soundtrack of Your Suffering,What's actually playing while you 'work out'?,"Aggressive rap or metal, loud enough to justify my grunting.",3,0,0,0,"A curated remix an instructor picked, synced perfectly to the choreography.",0,0,3,0,"A true crime podcast, alone, in silence otherwise.",0,3,0,0,Whatever's playing on the TV I'm watching instead of working out.,0,0,0,3
q-locker-room,The Locker Room Verdict,How do you feel about communal locker rooms and showers?,"Fine. It's a means to an end, I'm there to lift, not socialize.",3,0,0,0,Absolutely revolting. I will shower in my own home like a civilized person.,0,3,0,0,"Only acceptable if it has nice tile, good products, and no fluorescent lighting.",0,0,3,0,"Irrelevant, since I've never actually made it past the parking lot.",0,0,0,3
q-instructor-yelling,The Motivation Method,What actually gets you to push through the last rep?,My own internal rage and a heavy bar loaded with plates.,3,0,0,0,A perky instructor screaming 'you got this queen' over a bass drop.,0,0,3,0,Absolute silence and the knowledge that no one is watching me struggle.,0,3,0,0,"Nothing, because I stopped at rep one and started a snack instead.",0,0,0,3
q-post-workout-drink,The Post-Workout Ritual,What's your go-to post-workout refuel?,"A shaker bottle of plain whey protein, chugged in the parking lot.",3,0,0,0,"A $14 smoothie with adaptogens, collagen, and a name like 'Glow Getter'.",0,0,3,0,"Water from my own fridge, in peace, while nobody watches me chug it.",0,3,0,0,A celebratory donut because I 'earned it' by thinking about exercising.,0,0,0,3
q-equipment-check,The Home Setup Audit,What does your current home 'gym' situation look like?,"A full rack, barbell, plates, and a pull-up bar. It's basically a real gym.",1,3,0,0,"One yoga mat still in its original packaging, under the couch.",0,0,0,3,"Nothing, because I need someone to hand me equipment and validation simultaneously.",0,0,3,0,"Nothing at home, I need a heavy rack and other people around to feel like I'm really lifting.",3,0,0,0
q-rest-day-truth,The Rest Day Reality,What does your 'rest day' actually look like?,"Active recovery, foam rolling, maybe a light walk. I still respect the process.",2,1,0,0,A gentle stretch class with soft music and someone telling me I'm doing great.,0,0,3,0,"Every day is rest day. That's not a joke, that's my lifestyle.",0,0,0,3,"Lying on my garage floor after a workout, alone, refusing to move or speak to anyone.",0,3,0,0
q-wearable-obsession,The Data Obsession,How do you feel about fitness trackers and workout apps?,"I track sets, reps, and weight religiously in a spreadsheet like a scientist.",3,0,0,0,I have five fitness apps installed and zero workouts logged in any of them.,0,0,0,3,I only care about the app if it lets me book a cute class and pick my bike.,0,0,3,0,I use a private app at home so nobody can see my numbers or my form.,0,3,0,0
q-weather-check,The Weather Report,It's freezing and raining sideways outside. Does your workout plan change?,"Nope, the gym has a roof and heating, I'll be fine.",3,0,0,0,"Not at all, my garage doesn't care about weather and neither do I.",0,3,0,0,This is the perfect excuse to skip everything and stay under a blanket.,0,0,0,3,I'll still go if the studio has heated floors and hands me a towel at the door.,0,0,3,0
q-gym-buddy,The Accountability Question,Do you need a workout buddy to actually show up?,"No, I lift alone. Other people just slow down my supersets.",3,0,0,0,I need a whole class of strangers cheering so I feel like I'm at a party.,0,0,3,0,"I need a buddy so badly that when they cancel, I cancel too, forever.",0,0,0,3,"Absolutely not, I actively avoid workouts that require me to talk to anyone.",0,3,0,0
q-outfit-check,The Fit Check,What are you wearing to 'work out' today?,"Old gray shorts, a stained tank top, and lifting shoes that have seen things.",3,0,0,0,A perfectly color-coordinated set I bought specifically for this one class.,0,0,3,0,Whatever pajamas I already have on. Nobody's grading my outfit in my garage.,0,3,0,0,"Cute workout clothes I bought to feel motivated, that I will now wear to get coffee instead.",0,0,0,3
q-deadlift-feelings,The Deadlift Test,How do you feel about deadlifts specifically?,It's the greatest lift ever created and I will die on this hill.,3,0,0,0,"I do them alone with a barbell in my garage, no chalk board audience needed.",0,3,0,0,"Too scary, too heavy, too loud. I'd rather do a barre pulse to a pop song.",0,0,3,0,I've seen a video of one once and that felt like enough exposure.,0,0,0,3
q-influencer-culture,The Influencer Effect,How much does fitness influencer content actually change your behavior?,"Not really, I have my program and I'm sticking to it regardless of trends.",3,0,0,0,I buy the exact leggings and book the exact class they're always in.,0,0,3,0,"I watch, I save the video, I never do the workout, and I feel accomplished anyway.",0,0,0,3,"I copy their home workouts exactly, alone, with zero desire to be seen doing them.",0,3,0,0
q-cancel-culture,The Cancellation Habit,How often do you cancel workout plans at the last minute?,"Rarely. If it's on my calendar, I'm going, full stop.",2,1,0,0,"Constantly, and I have an increasingly elaborate excuse ready every time.",0,0,0,3,Only if there's no cute outfit or good class available that day.,0,0,3,0,"I can't cancel because it's just me, a kettlebell, and my own conscience.",0,3,0,0
q-chalk-and-grunts,The Ambiance Preference,What's your ideal workout ambiance?,"Chalk dust in the air, weights slamming, someone grunting three racks over.",3,0,0,0,"Dim lighting, candles, a diffuser, and a playlist that sounds like a spa.",0,0,3,0,Total silence except my own breathing and the hum of my garage fridge.,0,3,0,0,"The ambiance of my living room, TV on, snacks within arm's reach.",0,0,0,3
q-progressive-overload,The Progress Question,How do you actually track whether you're improving?,"I track weight on the bar every single session. If it's not going up, I'm mad.",3,0,0,0,I track how the class made me feel and whether the instructor remembered my name.,0,0,3,0,"I track my own reps and times privately, no need for anyone else to know.",0,3,0,0,I track how many days it's been since I last thought about working out.,0,0,0,3
q-treadmill-vs-outdoors,The Cardio Question,How do you feel about running?,"On a gym treadmill, in the cardio section, next to everyone else's treadmill.",3,0,0,0,"Only in a dark, sweaty spin class with lasers and a DJ.",0,0,3,0,"Alone on a trail or in my basement, absolutely nobody around to see my form.",0,3,0,0,"I've considered it, in theory, as a concept, once, briefly.",0,0,0,3
q-contract-fear,The Fine Print Fear,How do you feel about signing a 12-month gym contract?,"Sign me up, I know I'll actually use it every week.",3,0,0,0,I'd rather buy equipment once and never deal with a contract again.,0,3,0,0,"I only want drop-in class packs, no commitment, just vibes.",0,0,3,0,"I'll sign it, feel amazing for one day, and never think about it again.",0,0,0,3
q-preworkout-ritual,The Pre-Workout Ritual,What's your actual pre-workout routine?,"A scoop of pre-workout, headphones in, don't talk to me.",3,0,0,0,Picking the perfect outfit and checking the class roster to see who's teaching.,0,0,3,0,Locking the garage door so no one can witness my questionable form.,0,3,0,0,Scrolling my phone until the 'ideal window' to work out has definitely passed.,0,0,0,3
q-spotting-trust,The Trust Fall,How do you feel about asking a stranger to spot you on a heavy lift?,"No problem, gym etiquette exists for a reason, we help each other out.",3,0,0,0,"Never, I'd rather fail alone in my garage than ask a stranger for help.",0,3,0,0,I'd rather have an instructor gently adjust my form during a class.,0,0,3,0,"Irrelevant, since heavy lifting isn't really part of my current lifestyle.",0,0,0,3
q-social-battery,The Social Battery Check,"After a long work day, how much social interaction can you handle during a workout?","A moderate amount, gym small talk is fine, I just need my headphones as an escape hatch.",3,0,0,0,Zero. I need total isolation or I will not move a single muscle.,0,3,0,0,"I actually crave it, I want a whole room of people high-fiving me.",0,0,3,0,"None, because social interaction is exactly why I'm on the couch instead.",0,0,0,3
q-first-workout-memory,The Origin Story,Think back to your first real workout experience. What happened?,I got hooked on lifting immediately and never really left the gym since.,3,0,0,0,I loved a group class so much I signed up for a package on the spot.,0,0,3,0,I hated everyone watching me and swore to only ever exercise alone from then on.,0,3,0,0,I got so sore I decided this whole 'fitness' thing wasn't for me.,0,0,0,3
q-goal-setting,The Actual Goal,"What's your real, honest fitness goal right now?",Add more weight to the bar. Get stronger. Simple as that.,3,0,0,0,"Feel calm, private, and in control without anyone else around.",0,3,0,0,Feel like I'm part of a cute community with good energy and better lighting.,0,0,3,0,"Feel like I'm 'about to start' something, indefinitely, without starting anything.",0,0,0,3
q-classpass-scroll,The App Scroll Test,You open a fitness booking app. What happens next?,I book the class with the cutest branding and the best smoothie bar.,0,0,3,0,"I don't need an app, I know my program and my gym's hours by heart.",3,0,0,0,I close it and scroll something else instead for the next two hours.,0,0,0,3,"I never open apps like this, I have my own routine at home, no booking required.",0,3,0,0
q-friend-invite,The Invitation Test,A friend invites you to a 6 AM boot camp class this weekend. Your response?,"Sure, as long as it's real weights and not just jumping around to pop music.",2,0,1,0,"Absolutely, I'll bring my cutest set and tell everyone about it after.",0,0,3,0,"Hard pass, I don't do group activities before 9 AM or ever.",0,3,0,0,"'Maybe!' I say, already knowing I will sleep through my alarm on purpose.",0,0,0,3
q-cost-per-visit,The Cost-Per-Visit Math,"If you actually did the math, how much is each of your workouts costing you?","Very little, since I go 4-5 times a week and use every dollar of my membership.",3,0,0,0,"Zero, since I already own everything and paid once, years ago.",0,3,0,0,"Around $35 a class, but the smoothie and the vibe make it worth it.",0,0,3,0,I genuinely don't want to know how much per visit I'm paying for zero visits.,0,0,0,3
q-tv-workout-show,The Screen Time Truth,What's actually on your TV right now while you 'plan' to work out?,"Nothing, I'm at the gym, not sitting on a couch near a TV.",3,0,0,0,"A workout video I follow along to, alone, in my living room.",0,3,0,0,"A cooking show, while I eat something that is definitely not a smoothie.",0,0,0,3,An influencer's vlog of their studio workout that I will not personally replicate.,0,0,3,0
q-gym-smell,The Smell Test,"How do you feel about the specific smell of a commercial gym: rubber mats, chalk, and industrial cleaner?","It smells like productivity. I love it, honestly.",3,0,0,0,"Disgusting. My garage smells like nothing, which is exactly how I like it.",0,3,0,0,I'd only tolerate it if it were replaced with eucalyptus and essential oils.,0,0,3,0,"No idea, I've never actually been inside long enough to smell anything.",0,0,0,3
q-competition-drive,The Competitive Streak,Does seeing someone lift more than you at the gym bother you?,"It fuels me. I'm adding weight to the bar next set, guaranteed.",3,0,0,0,"I only compete with the leaderboard on my own equipment, alone, at home.",0,3,0,0,I only care if I got more 'high fives' from the instructor than the person next to me.,0,0,3,0,"I wouldn't know, I've never been in a room where lifting was happening.",0,0,0,3
q-meal-prep-honesty,The Meal Prep Confession,How does your meal prep situation match your workout intensity?,"Chicken, rice, broccoli, in bulk, every single week, like clockwork.",3,0,0,0,"I make my own smoothies and snacks at home, no need to buy them anywhere.",0,3,0,0,"I buy the $16 acai bowl instead of making anything myself, obviously.",0,0,3,0,My meal prep is ordering delivery and calling it 'self-care'.,0,0,0,3
q-time-of-day,The Time Slot Test,"What time do you actually, realistically, work out?","5:30 AM, before the gym gets crowded, every single day.",3,0,0,0,"Whenever, since my garage is open 24/7 and no one's judging my schedule.",0,3,0,0,Only for the specific class time slot I already booked and paid for.,0,0,3,0,'Tomorrow.' The time is always tomorrow.,0,0,0,3
q-form-check-anxiety,The Form Check Fear,Someone offers to film your set to check your form. How do you feel?,"Great, send it, I want the feedback so I can lift heavier and safer.",3,0,0,0,"No thank you, my form is a private matter between me and my garage walls.",0,3,0,0,Only if it's for a cute Instagram Reel with good lighting and a caption.,0,0,3,0,"There's nothing to film, since there's no actual movement happening.",0,0,0,3
q-vacation-workout,The Vacation Test,You're on vacation for a week. What happens to your workout routine?,I find the closest hotel gym and squeeze in a session anyway.,3,0,0,0,"I do bodyweight circuits in my hotel room, alone, curtains closed.",0,3,0,0,"I book a fancy studio class local to wherever I'm traveling, obviously.",0,0,3,0,What routine? I've been 'on vacation' from working out for a while now.,0,0,0,3
q-supplement-shelf,The Supplement Shelf,What does your supplement shelf actually look like?,"Whey, creatine, a shaker bottle with mystery residue. Functional and unglamorous.",3,0,0,0,"Collagen powder, adaptogenic mushrooms, and something with rose quartz infused water.",0,0,3,0,"A basic protein tub I bought online, used at home, no fanfare required.",0,3,0,0,An unopened multivitamin bottle from three years ago that I take as proof I 'tried'.,0,0,0,3
q-group-class-vibe,The Group Class Vibe Check,How do you feel about a group fitness class in general?,Only if it's strength-focused and no one's asking me to 'find my inner light'.,3,0,0,0,"Love it. I need the choreography, the community, and the playlist to feel alive.",0,0,3,0,"No thanks, group anything sounds like my personal nightmare.",0,3,0,0,"I'd love it in theory, but I've never actually attended one.",0,0,0,3
q-workout-length,The Time Investment,How long is your ideal workout session?,"60-90 minutes. I need warm-up sets, working sets, and a cooldown.",3,0,0,0,"45 minutes, exactly the length of the class I already paid for.",0,0,3,0,"20-30 minutes, efficient, private, and over before anyone notices I did anything.",0,3,0,0,"Zero minutes, but I will think intensely about working out for a full hour.",0,0,0,3
q-bad-day-response,The Bad Day Response,You had an awful day. What actually happens to your workout plan?,I go anyway. Lifting heavy things is how I process my emotions.,3,0,0,0,"I want a soft, guided class where someone tells me it's okay to feel this way.",0,0,3,0,"I retreat to my own space and move quietly, alone, no witnesses needed.",0,3,0,0,I use it as the perfect justification to eat my feelings on the couch instead.,0,0,0,3
q-gym-bag-status,The Gym Bag Audit,What's the current status of your gym bag?,"Packed, by the door, ready to go, lifting belt included.",3,0,0,0,"I don't need one, my equipment lives permanently in my garage.",0,3,0,0,"A cute tote with a grip sock, towel, and my class schedule inside.",0,0,3,0,"Somewhere in my closet, unopened, tags still on from a purchase two years ago.",0,0,0,3
q-heavy-vs-light,The Weight Preference,"Given a choice, heavy weights and low reps, or light weights and lots of reps to music?","Heavy, low reps, obviously. Go big or don't bother showing up.",3,0,0,0,"Light weights, high reps, to a great beat, with an instructor counting for me.",0,0,3,0,"Whatever I already own at home, alone, at my own pace.",0,3,0,0,"Neither, since 'weights' aren't really part of my daily vocabulary.",0,0,0,3
q-checkin-behavior,The Check-In Habit,Do you 'check in' on social media when you work out?,"No, I'm too busy actually lifting to post about lifting.",3,0,0,0,"Absolutely, tagged location, sweaty selfie, smoothie in hand, the whole aesthetic.",0,0,3,0,"Never, nobody needs to know what happens in my garage.",0,3,0,0,I post an inspirational quote about fitness instead of actually doing any fitness.,0,0,0,3
q-warmup-routine,The Warm-Up Question,What does your warm-up actually look like?,"Light cardio, mobility drills, then a couple warm-up sets before the real work begins.",3,0,0,0,"A guided warm-up flow, led by an instructor, set to gentle music.",0,0,3,0,"A few stretches on my own living room floor, then straight into it.",0,3,0,0,"Stretching my arm to reach the remote counts, right?",0,0,0,3
q-post-workout-soreness,The Soreness Report,"The day after a hard workout, how sore are you and how do you handle it?","Extremely sore, and I wear it like a badge of honor at the office.",3,0,0,0,"Sore in a cute, humble-braggy way I mention in the class group chat.",0,0,3,0,"Sore, but I deal with it quietly and alone with a foam roller.",0,3,0,0,"Not sore at all, since soreness requires actually doing the workout first.",0,0,0,3
q-year-from-now,The Long Game,"Realistically, where do you see your fitness routine one year from now?","Same gym, more weight on the bar, same grind, just stronger.",3,0,0,0,"A more elaborate home setup, still solo, still zero interest in gym crowds.",0,3,0,0,"A loyal member of my favorite studio, on a first-name basis with the instructors.",0,0,3,0,"Exactly where I am now, with a slightly more expensive unused membership.",0,0,0,3
q-final-honesty-check,The Final Gut Check,"Last question. Deep breath. What's the real, unfiltered truth about your relationship with exercise?","I genuinely love the grind, the iron, and the routine. It's non-negotiable for me.",3,0,0,0,"I only move my body when it feels aesthetic, social, and expensive enough to matter.",0,0,3,0,"I'll do the work, but only if absolutely no one else is around to witness it.",0,3,0,0,I like the idea of fitness a lot more than I like actually doing it.,0,0,0,3